{"emit:1":{"ev.emit":[26054.945054945056,24812.18781218781,24395.604395604394,24411.58841158841,24536.463536463536],"ev":[56834.16583416583,55941.05894105894,52541.45854145854,47512.48751248751,52268.731268731266],"ev no init":[56002.997002997006,54015.98401598402,55196.803196803194,50752.24775224775,49188.81118881119],"EventEmitter":[23459.540459540458,22995.004995004994,22031.968031968034,21797.202797202797,22430.56943056943]},"emit:2":{"ev.emit":[12522.477522477522,12508.491508491508,12494.505494505494,12079.92007992008,12012.987012987012],"ev":[19975.024975024975,19963.036963036964,19886.113886113886,19108.891108891108,18784.215784215783],"ev no init":[6869.1308691308695,6886.113886113886,6703.2967032967035,6571.428571428572,6363.636363636364],"EventEmitter":[5274.725274725275,5328.671328671328,5298.701298701299,5283.716283716284,5262.737262737262]},"emit:3":{"ev.emit":[8574.425574425575,8938.061938061937,8821.17882117882,9113.886113886114,9108.891108891108],"ev":[12023.976023976023,12859.14085914086,12970.02997002997,12797.202797202797,12747.252747252747],"ev no init":[4630.369630369631,5522.477522477522,5627.372627372627,5618.381618381618,5584.415584415585],"EventEmitter":[4505.494505494506,4565.434565434565,4524.475524475524,4502.497502497503,4588.411588411588]},"emit:5":{"ev.emit":[5686.313686313686,6124.875124875125,5949.050949050949,6051.948051948052,5346.6533466533465],"ev":[7669.3306693306695,7226.773226773227,7127.872127872128,7172.827172827173,7495.504495504496],"ev no init":[3755.244755244755,3419.5804195804194,3525.4745254745253,4153.846153846154,4182.817182817183],"EventEmitter":[3309.6903096903097,3118.8811188811187,3108.891108891109,3343.656343656344,3238.761238761239]},"emit:10":{"ev.emit":[2634.3656343656344,2775.2247752247754,2818.181818181818,2828.171828171828,2832.1678321678323],"ev":[3078.921078921079,3198.801198801199,3249.7502497502496,3174.8251748251746,3257.7422577422576],"ev no init":[2229.77022977023,2273.7262737262736,2236.763236763237,2415.5844155844156,2453.5464535464534],"EventEmitter":[2026.973026973027,2023.976023976024,2120.879120879121,2108.891108891109,2118.8811188811187]},"emit:15":{"ev.emit":[1688.3116883116884,1657.3426573426573,1691.3086913086913,1593.4065934065934,1673.3266733266732],"ev":[1732.2677322677323,1768.2317682317682,1793.2067932067932,1783.2167832167831,1766.2337662337663],"ev no init":[1278.7212787212786,1289.7102897102898,1312.6873126873127,1269.7302697302698,1269.7302697302698],"EventEmitter":[1512.4875124875125,1524.4755244755245,1527.4725274725274,1490.5094905094904,1477.5224775224776]},"emit:20":{"ev.emit":[1143.856143856144,1148.8511488511488,1140.8591408591408,1124.8751248751248,1122.877122877123],"ev":[1182.8171828171828,1184.815184815185,1188.811188811189,1184.815184815185,1203.7962037962038],"ev no init":[886.1138861138861,898.1018981018981,882.1178821178821,882.1178821178821,878.1218781218781],"EventEmitter":[1186.8131868131868,1172.8271728271727,1176.823176823177,1165.8341658341658,1159.84015984016]},"emit:25":{"ev.emit":[847.1528471528471,867.1328671328671,778.2217782217782,766.2337662337662,831.1688311688312],"ev":[885.1148851148852,905.0949050949051,876.1238761238761,833.1668331668332,830.1698301698302],"ev no init":[747.2527472527472,748.2517482517483,658.6826347305389,708.2917082917083,728.2717282717283],"EventEmitter":[984.015984015984,994.005994005994,996.003996003996,939.0609390609391,990.00999000999]},"emit:30":{"ev.emit":[690.61876247505,694.6107784431138,678.6427145708583,685.3146853146853,692.3076923076923],"ev":[724.2757242757243,701.2987012987013,723.5528942115768,711.2887112887113,685.6287425149701],"ev no init":[599.4005994005994,610.3896103896104,610.3896103896104,571.4285714285714,511.4885114885115],"EventEmitter":[868.1318681318681,869.1308691308691,864.1358641358642,859.1408591408591,806.1938061938062]}}