{"emit:1":{"ev.emit":[25923.076923076922,25892.10789210789,25692.30769230769,25313.686313686314,25197.802197802197],"ev":[56808.191808191805,57201.7982017982,56624.37562437562,52865.13486513487,53972.02797202797],"ev no init":[57054.945054945056,57076.92307692308,51994.005994005995,53894.105894105895,53762.23776223776],"EventEmitter":[23831.16883116883,23953.046953046953,23450.54945054945,22895.104895104894,23847.152847152847]},"emit:2":{"ev.emit":[12598.401598401599,12434.565434565435,12427.572427572428,12107.892107892108,12104.895104895106],"ev":[20177.822177822178,20101.898101898103,20112.887112887114,19660.33966033966,19417.582417582416],"ev no init":[6926.0739260739265,6862.137862137862,6872.127872127872,6780.219780219781,6772.227772227772],"EventEmitter":[5434.565434565435,5448.551448551449,5344.655344655344,5408.591408591408,5408.591408591408]},"emit:3":{"ev.emit":[8445.554445554446,8449.55044955045,8356.643356643357,8077.922077922078,8339.66033966034],"ev":[10675.324675324675,10715.284715284715,10491.508491508492,10728.271728271728,10709.29070929071],"ev no init":[5137.862137862138,5229.77022977023,5260.73926073926,5166.833166833167,5172.827172827173],"EventEmitter":[4561.438561438561,4555.444555444556,4555.444555444556,4533.466533466533,4532.467532467533]},"emit:5":{"ev.emit":[5172.827172827173,5183.816183816184,5194.805194805195,5121.878121878122,5168.831168831169],"ev":[5994.005994005994,6005.994005994006,5947.052947052947,5918.081918081918,5948.051948051948],"ev no init":[3654.3456543456546,3598.401598401598,3680.31968031968,3688.311688311688,3672.327672327672],"EventEmitter":[3353.646353646354,3242.7572427572427,3390.6093906093906,3352.647352647353,3347.6523476523475]},"emit:10":{"ev.emit":[2302.697302697303,2293.7062937062938,2352.647352647353,2306.6933066933066,2303.696303696304],"ev":[2538.4615384615386,2552.4475524475524,2575.4245754245753,2538.4615384615386,2533.4665334665333],"ev no init":[1792.2077922077922,1812.1878121878121,1837.1628371628371,1818.1818181818182,1811.188811188811],"EventEmitter":[2130.869130869131,2133.866133866134,2183.8161838161836,2116.883116883117,2127.8721278721277]},"emit:15":{"ev.emit":[1383.6163836163837,1379.6203796203797,1384.6153846153845,1417.5824175824175,1417.5824175824175],"ev":[1455.5444555444556,1467.5324675324675,1433.5664335664335,1466.5334665334665,1488.5114885114886],"ev no init":[1160.8391608391607,1173.8261738261738,1173.8261738261738,1174.8251748251748,1194.8051948051948],"EventEmitter":[1558.4415584415585,1560.4395604395604,1410.5894105894106,1586.4135864135865,1594.4055944055945]},"emit:20":{"ev.emit":[957.042957042957,972.027972027972,990.0199600798403,968.0319680319681,978.021978021978],"ev":[1003.996003996004,1004.995004995005,1002.997002997003,1004.995004995005,1025.974025974026],"ev no init":[821.1788211788212,838.1618381618382,821.3572854291417,822.1778221778221,837.3253493013972],"EventEmitter":[1216.7832167832169,1232.7672327672328,1220.7792207792209,1218.7812187812187,1217.7822177822177]},"emit:25":{"ev.emit":[746.2537462537463,753.2467532467532,751.2487512487512,751.2487512487512,751.2487512487512],"ev":[775.4491017964071,785.2147852147853,771.2287712287713,771.2287712287713,771.2287712287713],"ev no init":[648.7025948103792,650.3496503496503,644.7105788423154,640.7185628742515,640.7185628742515],"EventEmitter":[1011.988011988012,1019.98001998002,1012.987012987013,1004.995004995005,1004.995004995005]},"emit:30":{"ev.emit":[618.3816183816184,608.7824351297405,611.3886113886114,612.7744510978044,618.3816183816184],"ev":[634.3656343656344,628.3716283716284,622.3776223776224,633.3666333666333,636.3636363636364],"ev no init":[534.9301397205588,527.9441117764471,529.4705294705295,530.4695304695305,537.4625374625375],"EventEmitter":[869.1308691308691,853.1468531468531,857.1428571428571,861.1388611388611,864.2714570858284]}}
