{"emit:1":{"ev.emit":[29207.79220779221,27348.65134865135,27003.996003996002,28722.277722277722,24564.435564435564],"ev":[52747.25274725275,54356.643356643355,53912.08791208791,54160.83916083916,49622.37762237762],"ev no init":[57396.603396603394,53614.38561438562,53193.806193806195,54070.92907092907,52852.14785214785],"EventEmitter":[23020.979020979023,23284.715284715283,23114.885114885114,23695.304695304694,23523.476523476522]},"emit:2":{"ev.emit":[17934.065934065933,18058.941058941058,17991.008991008992,17175.824175824175,17222.777222777222],"ev":[24022.977022977022,23915.084915084914,23831.16883116883,22996.003996003998,22959.040959040958],"ev no init":[7440.55944055944,7400.599400599401,7372.627372627373,7132.867132867133,7060.939060939061],"EventEmitter":[5393.606393606394,5465.534465534465,5359.64035964036,5316.683316683317,5272.727272727273]},"emit:3":{"ev.emit":[10604.395604395604,10592.407592407593,10257.742257742259,10552.447552447553,10126.873126873126],"ev":[12450.54945054945,12440.55944055944,12458.541458541458,12065.934065934065,12602.397602397603],"ev no init":[5790.20979020979,5995.004995004995,6089.9100899100895,5947.052947052947,6136.863136863137],"EventEmitter":[4406.593406593406,4507.492507492508,4509.49050949051,4546.453546453547,4595.404595404595]},"emit:5":{"ev.emit":[7318.681318681319,7234.765234765235,7379.62037962038,6995.004995004995,7101.898101898102],"ev":[8306.693306693307,8149.85014985015,8142.857142857143,8011.988011988012,8046.953046953047],"ev no init":[4658.341658341658,4320.679320679321,4579.420579420579,4750.24975024975,4630.369630369631],"EventEmitter":[3358.6413586413587,3194.805194805195,3317.6823176823177,3377.622377622378,3231.7682317682315]},"emit:10":{"ev.emit":[3510.4895104895104,3504.4955044955045,3521.4785214785215,3618.3816183816184,3712.287712287712],"ev":[4055.944055944056,4048.951048951049,4056.943056943057,4018.981018981019,4032.967032967033],"ev no init":[2341.6583416583417,2345.6543456543454,2326.6733266733268,2355.6443556443555,2365.6343656343656],"EventEmitter":[2138.861138861139,2121.878121878122,2107.892107892108,2117.882117882118,2158.8411588411586]},"emit:15":{"ev.emit":[1821.1788211788212,1865.134865134865,1829.1708291708292,1834.1658341658342,1815.184815184815],"ev":[1951.048951048951,1967.032967032967,1943.056943056943,1945.0549450549452,1951.048951048951],"ev no init":[1361.6383616383616,1408.5914085914085,1417.5824175824175,1430.5694305694306,1427.5724275724276],"EventEmitter":[1533.4665334665335,1531.4685314685314,1561.4385614385615,1553.4465534465535,1555.4445554445554]},"emit:20":{"ev.emit":[1258.7412587412587,1248.7512487512488,1242.7572427572427,1242.7572427572427,1243.7562437562437],"ev":[1295.7042957042956,1289.7102897102898,1293.7062937062938,1295.7042957042956,1291.7082917082917],"ev no init":[1032.967032967033,1033.966033966034,1031.968031968032,1044.955044955045,1044.955044955045],"EventEmitter":[1238.7612387612387,1212.7872127872129,1219.7802197802198,1216.7832167832169,1216.7832167832169]},"emit:25":{"ev.emit":[953.046953046953,963.036963036963,956.0439560439561,958.0419580419581,956.0439560439561],"ev":[986.013986013986,984.015984015984,986.013986013986,1000.999000999001,982.017982017982],"ev no init":[778.2217782217782,797.2027972027972,794.2057942057942,810.1898101898101,797.2027972027972],"EventEmitter":[1002.997002997003,1021.978021978022,998.001998001998,1008.991008991009,1004.995004995005]},"emit:30":{"ev.emit":[768.4630738522955,767.4650698602794,767.2327672327673,771.2287712287713,767.2327672327673],"ev":[780.439121756487,783.4331337325349,783.2167832167833,784.4311377245509,786.2137862137862],"ev no init":[645.7085828343313,650.6986027944112,658.6826347305389,659.3406593406594,652.3476523476523],"EventEmitter":[825.1748251748252,828.1718281718282,828.1718281718282,827.1728271728272,827.1728271728272]}}